dataset,instance,Budget,variant,HV_common,rank
Brandimarte,Mk01.fjs,50,AdaptiveNoBC,1.0056104920989413,6.0
Brandimarte,Mk01.fjs,50,AdaptiveSAOS,1.0399891110338912,2.0
Brandimarte,Mk01.fjs,50,FixedUCBPPO,1.0407675812344994,1.0
Brandimarte,Mk01.fjs,50,PPOOnly,0.9800483575664691,7.0
Brandimarte,Mk01.fjs,50,RandomUCBPPO,1.0131758128930253,5.0
Brandimarte,Mk01.fjs,50,UCBOnly,1.0274901760816388,3.0
Brandimarte,Mk01.fjs,50,UniformFixed,1.019847287907784,4.0
Brandimarte,Mk02.fjs,50,AdaptiveNoBC,0.9852216918962493,5.0
Brandimarte,Mk02.fjs,50,AdaptiveSAOS,0.9997767058194303,3.0
Brandimarte,Mk02.fjs,50,FixedUCBPPO,1.0299126986302072,1.0
Brandimarte,Mk02.fjs,50,PPOOnly,0.9678034939426045,7.0
Brandimarte,Mk02.fjs,50,RandomUCBPPO,0.9966504347069957,4.0
Brandimarte,Mk02.fjs,50,UCBOnly,1.01587443918661,2.0
Brandimarte,Mk02.fjs,50,UniformFixed,0.9718050965635265,6.0
Brandimarte,Mk03.fjs,50,AdaptiveNoBC,0.8355421595392793,5.0
Brandimarte,Mk03.fjs,50,AdaptiveSAOS,0.8596971432443021,1.0
Brandimarte,Mk03.fjs,50,FixedUCBPPO,0.8579242462837888,2.0
Brandimarte,Mk03.fjs,50,PPOOnly,0.8309498708515338,6.0
Brandimarte,Mk03.fjs,50,RandomUCBPPO,0.8137876195630436,7.0
Brandimarte,Mk03.fjs,50,UCBOnly,0.8425816407301462,4.0
Brandimarte,Mk03.fjs,50,UniformFixed,0.8483105206011137,3.0
Brandimarte,Mk04.fjs,50,AdaptiveNoBC,0.9772487263728584,5.0
Brandimarte,Mk04.fjs,50,AdaptiveSAOS,0.9805350262233414,3.0
Brandimarte,Mk04.fjs,50,FixedUCBPPO,1.0230687119044939,1.0
Brandimarte,Mk04.fjs,50,PPOOnly,0.959234486583358,6.0
Brandimarte,Mk04.fjs,50,RandomUCBPPO,0.9495447046290675,7.0
Brandimarte,Mk04.fjs,50,UCBOnly,0.9928922515825143,2.0
Brandimarte,Mk04.fjs,50,UniformFixed,0.9803683163686652,4.0
Brandimarte,Mk05.fjs,50,AdaptiveNoBC,0.887642217512137,6.0
Brandimarte,Mk05.fjs,50,AdaptiveSAOS,0.8972902202302901,4.0
Brandimarte,Mk05.fjs,50,FixedUCBPPO,0.9101776930456091,1.0
Brandimarte,Mk05.fjs,50,PPOOnly,0.9064505992922036,3.0
Brandimarte,Mk05.fjs,50,RandomUCBPPO,0.8550404699505408,7.0
Brandimarte,Mk05.fjs,50,UCBOnly,0.9098257019285031,2.0
Brandimarte,Mk05.fjs,50,UniformFixed,0.890927367045567,5.0
Brandimarte,Mk06.fjs,50,AdaptiveNoBC,0.7867754220039491,4.0
Brandimarte,Mk06.fjs,50,AdaptiveSAOS,0.7942415816226929,2.0
Brandimarte,Mk06.fjs,50,FixedUCBPPO,0.7811217456916824,5.0
Brandimarte,Mk06.fjs,50,PPOOnly,0.7977079291643914,1.0
Brandimarte,Mk06.fjs,50,RandomUCBPPO,0.7762341409683821,6.0
Brandimarte,Mk06.fjs,50,UCBOnly,0.7942303664335763,3.0
Brandimarte,Mk06.fjs,50,UniformFixed,0.7631517063443141,7.0
Brandimarte,Mk07.fjs,50,AdaptiveNoBC,1.0937331484255615,5.0
Brandimarte,Mk07.fjs,50,AdaptiveSAOS,1.0943014864873537,4.0
Brandimarte,Mk07.fjs,50,FixedUCBPPO,1.1074432202035258,2.0
Brandimarte,Mk07.fjs,50,PPOOnly,1.0902321756935378,6.0
Brandimarte,Mk07.fjs,50,RandomUCBPPO,1.0795316878032244,7.0
Brandimarte,Mk07.fjs,50,UCBOnly,1.0946115973534463,3.0
Brandimarte,Mk07.fjs,50,UniformFixed,1.1254619157437442,1.0
Brandimarte,Mk08.fjs,50,AdaptiveNoBC,0.9764141766477819,3.0
Brandimarte,Mk08.fjs,50,AdaptiveSAOS,1.011659778060975,1.0
Brandimarte,Mk08.fjs,50,FixedUCBPPO,0.9709451666651827,4.0
Brandimarte,Mk08.fjs,50,PPOOnly,0.8864838947000717,6.0
Brandimarte,Mk08.fjs,50,RandomUCBPPO,0.9933437188786653,2.0
Brandimarte,Mk08.fjs,50,UCBOnly,0.9586027774950536,5.0
Brandimarte,Mk08.fjs,50,UniformFixed,0.8689255742794079,7.0
Brandimarte,Mk09.fjs,50,AdaptiveNoBC,0.8879721249433079,6.0
Brandimarte,Mk09.fjs,50,AdaptiveSAOS,0.9060335933454943,3.0
Brandimarte,Mk09.fjs,50,FixedUCBPPO,0.9136198665000435,1.0
Brandimarte,Mk09.fjs,50,PPOOnly,0.9082298993412022,2.0
Brandimarte,Mk09.fjs,50,RandomUCBPPO,0.89102803727022,4.0
Brandimarte,Mk09.fjs,50,UCBOnly,0.8909093973563493,5.0
Brandimarte,Mk09.fjs,50,UniformFixed,0.8826499364837472,7.0
Brandimarte,Mk10.fjs,50,AdaptiveNoBC,1.0079624002980225,4.0
Brandimarte,Mk10.fjs,50,AdaptiveSAOS,1.0268379806131747,1.0
Brandimarte,Mk10.fjs,50,FixedUCBPPO,1.0144970549293637,3.0
Brandimarte,Mk10.fjs,50,PPOOnly,0.8692304945220866,7.0
Brandimarte,Mk10.fjs,50,RandomUCBPPO,0.9710702156479274,5.0
Brandimarte,Mk10.fjs,50,UCBOnly,1.0226735443460235,2.0
Brandimarte,Mk10.fjs,50,UniformFixed,0.9016947022076984,6.0
Hurink_edata,la01.fjs,50,AdaptiveNoBC,1.078823990448202,3.0
Hurink_edata,la01.fjs,50,AdaptiveSAOS,1.079021993418488,2.0
Hurink_edata,la01.fjs,50,FixedUCBPPO,1.0469624889603342,6.0
Hurink_edata,la01.fjs,50,PPOOnly,1.0960561172762895,1.0
Hurink_edata,la01.fjs,50,RandomUCBPPO,1.0439126097727471,7.0
Hurink_edata,la01.fjs,50,UCBOnly,1.063511919939033,4.0
Hurink_edata,la01.fjs,50,UniformFixed,1.0528682776469602,5.0
Hurink_edata,la02.fjs,50,AdaptiveNoBC,0.9994993525016536,4.0
Hurink_edata,la02.fjs,50,AdaptiveSAOS,0.9903302346026353,5.0
Hurink_edata,la02.fjs,50,FixedUCBPPO,0.9546348189072013,7.0
Hurink_edata,la02.fjs,50,PPOOnly,0.9884011410462495,6.0
Hurink_edata,la02.fjs,50,RandomUCBPPO,1.0131116778581302,2.0
Hurink_edata,la02.fjs,50,UCBOnly,1.0066910463188035,3.0
Hurink_edata,la02.fjs,50,UniformFixed,1.0242822736905113,1.0
Hurink_edata,la03.fjs,50,AdaptiveNoBC,1.1210306438564517,2.0
Hurink_edata,la03.fjs,50,AdaptiveSAOS,1.099407895258219,4.0
Hurink_edata,la03.fjs,50,FixedUCBPPO,1.0531453514989937,6.0
Hurink_edata,la03.fjs,50,PPOOnly,1.065716388496955,5.0
Hurink_edata,la03.fjs,50,RandomUCBPPO,1.1073481430057295,3.0
Hurink_edata,la03.fjs,50,UCBOnly,1.1328067492634921,1.0
Hurink_edata,la03.fjs,50,UniformFixed,1.0470689170553538,7.0
Hurink_edata,la04.fjs,50,AdaptiveNoBC,1.1009736480501084,3.0
Hurink_edata,la04.fjs,50,AdaptiveSAOS,1.1144525472457896,1.0
Hurink_edata,la04.fjs,50,FixedUCBPPO,1.0476549745338333,6.0
Hurink_edata,la04.fjs,50,PPOOnly,1.0005247400352977,7.0
Hurink_edata,la04.fjs,50,RandomUCBPPO,1.1129587812258737,2.0
Hurink_edata,la04.fjs,50,UCBOnly,1.1001909453025243,4.0
Hurink_edata,la04.fjs,50,UniformFixed,1.0749597798135082,5.0
Hurink_edata,la05.fjs,50,AdaptiveNoBC,1.1130569257391496,5.0
Hurink_edata,la05.fjs,50,AdaptiveSAOS,1.1405483533485654,1.0
Hurink_edata,la05.fjs,50,FixedUCBPPO,1.1230863943525526,3.0
Hurink_edata,la05.fjs,50,PPOOnly,1.1181105354694019,4.0
Hurink_edata,la05.fjs,50,RandomUCBPPO,1.1107175703367398,6.0
Hurink_edata,la05.fjs,50,UCBOnly,1.135948370758753,2.0
Hurink_edata,la05.fjs,50,UniformFixed,1.1067594847051172,7.0
Hurink_edata,la06.fjs,50,AdaptiveNoBC,1.2225214322107658,2.0
Hurink_edata,la06.fjs,50,AdaptiveSAOS,1.2217944247374923,3.0
Hurink_edata,la06.fjs,50,FixedUCBPPO,1.210878589994413,4.0
Hurink_edata,la06.fjs,50,PPOOnly,1.171549717574715,6.0
Hurink_edata,la06.fjs,50,RandomUCBPPO,1.2051860490880157,5.0
Hurink_edata,la06.fjs,50,UCBOnly,1.2377253889609412,1.0
Hurink_edata,la06.fjs,50,UniformFixed,1.1707396489496733,7.0
Hurink_edata,la07.fjs,50,AdaptiveNoBC,1.1748199881847992,3.0
Hurink_edata,la07.fjs,50,AdaptiveSAOS,1.1636690000949979,4.0
Hurink_edata,la07.fjs,50,FixedUCBPPO,1.1326763168611302,5.0
Hurink_edata,la07.fjs,50,PPOOnly,1.0979497019212627,7.0
Hurink_edata,la07.fjs,50,RandomUCBPPO,1.1764077878986345,2.0
Hurink_edata,la07.fjs,50,UCBOnly,1.17748464224137,1.0
Hurink_edata,la07.fjs,50,UniformFixed,1.1159192348350382,6.0
Hurink_edata,la08.fjs,50,AdaptiveNoBC,1.1853647336002309,1.0
Hurink_edata,la08.fjs,50,AdaptiveSAOS,1.176221591682086,3.0
Hurink_edata,la08.fjs,50,FixedUCBPPO,1.1573145413264272,5.0
Hurink_edata,la08.fjs,50,PPOOnly,1.1268090788203997,7.0
Hurink_edata,la08.fjs,50,RandomUCBPPO,1.1749220745484297,4.0
Hurink_edata,la08.fjs,50,UCBOnly,1.179074190306606,2.0
Hurink_edata,la08.fjs,50,UniformFixed,1.1376739581819777,6.0
Hurink_edata,la09.fjs,50,AdaptiveNoBC,1.06926332720959,6.0
Hurink_edata,la09.fjs,50,AdaptiveSAOS,1.062038230950063,7.0
Hurink_edata,la09.fjs,50,FixedUCBPPO,1.140060412251977,1.0
Hurink_edata,la09.fjs,50,PPOOnly,1.1037863030106194,3.0
Hurink_edata,la09.fjs,50,RandomUCBPPO,1.0694003855711713,5.0
Hurink_edata,la09.fjs,50,UCBOnly,1.100150001793302,4.0
Hurink_edata,la09.fjs,50,UniformFixed,1.1063500946785547,2.0
Hurink_edata,la10.fjs,50,AdaptiveNoBC,0.8664189357967687,3.0
Hurink_edata,la10.fjs,50,AdaptiveSAOS,0.8548219247215427,6.0
Hurink_edata,la10.fjs,50,FixedUCBPPO,0.8562481170074059,5.0
Hurink_edata,la10.fjs,50,PPOOnly,0.836959065663982,7.0
Hurink_edata,la10.fjs,50,RandomUCBPPO,0.8812334959061614,2.0
Hurink_edata,la10.fjs,50,UCBOnly,0.8656049824304151,4.0
Hurink_edata,la10.fjs,50,UniformFixed,0.9154735829872307,1.0
Hurink_edata,la11.fjs,50,AdaptiveNoBC,1.1296833097763836,1.0
Hurink_edata,la11.fjs,50,AdaptiveSAOS,1.116167875852493,6.0
Hurink_edata,la11.fjs,50,FixedUCBPPO,1.126812690728968,2.0
Hurink_edata,la11.fjs,50,PPOOnly,1.1239744026956338,4.0
Hurink_edata,la11.fjs,50,RandomUCBPPO,1.1258358675033493,3.0
Hurink_edata,la11.fjs,50,UCBOnly,1.123455518914884,5.0
Hurink_edata,la11.fjs,50,UniformFixed,1.1126005211874992,7.0
Hurink_edata,la12.fjs,50,AdaptiveNoBC,1.0797725586841764,3.0
Hurink_edata,la12.fjs,50,AdaptiveSAOS,1.091299239709207,1.0
Hurink_edata,la12.fjs,50,FixedUCBPPO,1.0679329024980047,4.0
Hurink_edata,la12.fjs,50,PPOOnly,1.063578066780926,5.0
Hurink_edata,la12.fjs,50,RandomUCBPPO,1.0490227927465376,7.0
Hurink_edata,la12.fjs,50,UCBOnly,1.0811951441922845,2.0
Hurink_edata,la12.fjs,50,UniformFixed,1.0635447773813835,6.0
Hurink_edata,la13.fjs,50,AdaptiveNoBC,1.1126038804588476,1.0
Hurink_edata,la13.fjs,50,AdaptiveSAOS,1.0985689826100533,4.0
Hurink_edata,la13.fjs,50,FixedUCBPPO,1.084587084659005,7.0
Hurink_edata,la13.fjs,50,PPOOnly,1.1006246984704249,3.0
Hurink_edata,la13.fjs,50,RandomUCBPPO,1.091059184290971,5.0
Hurink_edata,la13.fjs,50,UCBOnly,1.106291078865902,2.0
Hurink_edata,la13.fjs,50,UniformFixed,1.085246111805863,6.0
Hurink_edata,la14.fjs,50,AdaptiveNoBC,1.0538302122112304,4.0
Hurink_edata,la14.fjs,50,AdaptiveSAOS,1.0625956706158888,3.0
Hurink_edata,la14.fjs,50,FixedUCBPPO,1.0394472843076479,6.0
Hurink_edata,la14.fjs,50,PPOOnly,1.0250325260227418,7.0
Hurink_edata,la14.fjs,50,RandomUCBPPO,1.040249852222971,5.0
Hurink_edata,la14.fjs,50,UCBOnly,1.0702647048272609,2.0
Hurink_edata,la14.fjs,50,UniformFixed,1.0786048701416393,1.0
Hurink_edata,la15.fjs,50,AdaptiveNoBC,1.0318271157782828,5.0
Hurink_edata,la15.fjs,50,AdaptiveSAOS,1.0362343420278834,4.0
Hurink_edata,la15.fjs,50,FixedUCBPPO,1.0734934225668185,1.0
Hurink_edata,la15.fjs,50,PPOOnly,1.0302022773077317,6.0
Hurink_edata,la15.fjs,50,RandomUCBPPO,0.9963271727340755,7.0
Hurink_edata,la15.fjs,50,UCBOnly,1.0402443929138356,3.0
Hurink_edata,la15.fjs,50,UniformFixed,1.0664708217659933,2.0
Hurink_edata,la16.fjs,50,AdaptiveNoBC,1.019370775702836,3.0
Hurink_edata,la16.fjs,50,AdaptiveSAOS,1.035301908900512,1.0
Hurink_edata,la16.fjs,50,FixedUCBPPO,0.9778844544816059,5.0
Hurink_edata,la16.fjs,50,PPOOnly,0.9501593988524528,7.0
Hurink_edata,la16.fjs,50,RandomUCBPPO,0.9769574256482156,6.0
Hurink_edata,la16.fjs,50,UCBOnly,1.034787985427849,2.0
Hurink_edata,la16.fjs,50,UniformFixed,1.0158269720340725,4.0
Hurink_edata,la17.fjs,50,AdaptiveNoBC,1.1796450126241433,2.0
Hurink_edata,la17.fjs,50,AdaptiveSAOS,1.1896625939091674,1.0
Hurink_edata,la17.fjs,50,FixedUCBPPO,1.1518847440131865,5.0
Hurink_edata,la17.fjs,50,PPOOnly,1.12961002834443,7.0
Hurink_edata,la17.fjs,50,RandomUCBPPO,1.1784153246132583,3.0
Hurink_edata,la17.fjs,50,UCBOnly,1.165809186104679,4.0
Hurink_edata,la17.fjs,50,UniformFixed,1.131236575564331,6.0
Hurink_edata,la18.fjs,50,AdaptiveNoBC,1.0406335706420284,1.0
Hurink_edata,la18.fjs,50,AdaptiveSAOS,1.004518386245697,4.0
Hurink_edata,la18.fjs,50,FixedUCBPPO,1.0014342933948583,6.0
Hurink_edata,la18.fjs,50,PPOOnly,1.003234624758447,5.0
Hurink_edata,la18.fjs,50,RandomUCBPPO,1.022352919809805,2.0
Hurink_edata,la18.fjs,50,UCBOnly,0.9781244322708287,7.0
Hurink_edata,la18.fjs,50,UniformFixed,1.0205679305957511,3.0
Hurink_edata,la19.fjs,50,AdaptiveNoBC,0.9592839692265953,3.0
Hurink_edata,la19.fjs,50,AdaptiveSAOS,0.9849089444118939,2.0
Hurink_edata,la19.fjs,50,FixedUCBPPO,0.8781602578849157,7.0
Hurink_edata,la19.fjs,50,PPOOnly,0.9175576594070938,6.0
Hurink_edata,la19.fjs,50,RandomUCBPPO,0.9518056682528387,4.0
Hurink_edata,la19.fjs,50,UCBOnly,0.9474493820957435,5.0
Hurink_edata,la19.fjs,50,UniformFixed,1.0457031102509577,1.0
Hurink_edata,la20.fjs,50,AdaptiveNoBC,1.0848522744677718,3.0
Hurink_edata,la20.fjs,50,AdaptiveSAOS,1.0672822835808409,6.0
Hurink_edata,la20.fjs,50,FixedUCBPPO,1.082871147487762,4.0
Hurink_edata,la20.fjs,50,PPOOnly,1.1189660092520026,1.0
Hurink_edata,la20.fjs,50,RandomUCBPPO,1.035549976902788,7.0
Hurink_edata,la20.fjs,50,UCBOnly,1.0819498655410622,5.0
Hurink_edata,la20.fjs,50,UniformFixed,1.1049453869012447,2.0
Hurink_edata,la21.fjs,50,AdaptiveNoBC,0.9426252570284055,5.0
Hurink_edata,la21.fjs,50,AdaptiveSAOS,0.9782741791718667,4.0
Hurink_edata,la21.fjs,50,FixedUCBPPO,1.0586544405050788,1.0
Hurink_edata,la21.fjs,50,PPOOnly,0.9015175417364664,6.0
Hurink_edata,la21.fjs,50,RandomUCBPPO,0.9839289105139233,3.0
Hurink_edata,la21.fjs,50,UCBOnly,0.9925101032529949,2.0
Hurink_edata,la21.fjs,50,UniformFixed,0.8618264549613945,7.0
Hurink_edata,la22.fjs,50,AdaptiveNoBC,0.9257146658614297,2.0
Hurink_edata,la22.fjs,50,AdaptiveSAOS,0.9363286941068603,1.0
Hurink_edata,la22.fjs,50,FixedUCBPPO,0.8573523486381187,7.0
Hurink_edata,la22.fjs,50,PPOOnly,0.9212250393891475,3.0
Hurink_edata,la22.fjs,50,RandomUCBPPO,0.8785681740944753,5.0
Hurink_edata,la22.fjs,50,UCBOnly,0.9201041023441252,4.0
Hurink_edata,la22.fjs,50,UniformFixed,0.8781130690054321,6.0
Hurink_edata,la23.fjs,50,AdaptiveNoBC,1.1186661477568727,2.0
Hurink_edata,la23.fjs,50,AdaptiveSAOS,1.1123415288798042,3.0
Hurink_edata,la23.fjs,50,FixedUCBPPO,1.1089914608194522,5.0
Hurink_edata,la23.fjs,50,PPOOnly,1.0858900586783045,7.0
Hurink_edata,la23.fjs,50,RandomUCBPPO,1.1108722425230981,4.0
Hurink_edata,la23.fjs,50,UCBOnly,1.1470915204365295,1.0
Hurink_edata,la23.fjs,50,UniformFixed,1.103488395693589,6.0
Hurink_edata,la24.fjs,50,AdaptiveNoBC,1.1104210739414038,5.0
Hurink_edata,la24.fjs,50,AdaptiveSAOS,1.1420316888580546,2.0
Hurink_edata,la24.fjs,50,FixedUCBPPO,1.1150678627772859,4.0
Hurink_edata,la24.fjs,50,PPOOnly,1.1567163761924193,1.0
Hurink_edata,la24.fjs,50,RandomUCBPPO,1.087240572433692,7.0
Hurink_edata,la24.fjs,50,UCBOnly,1.1270959522173287,3.0
Hurink_edata,la24.fjs,50,UniformFixed,1.0876620855493657,6.0
Hurink_edata,la25.fjs,50,AdaptiveNoBC,0.9050176371145446,5.0
Hurink_edata,la25.fjs,50,AdaptiveSAOS,0.9145721757024843,4.0
Hurink_edata,la25.fjs,50,FixedUCBPPO,0.9196136596135458,2.0
Hurink_edata,la25.fjs,50,PPOOnly,0.8155370933582023,7.0
Hurink_edata,la25.fjs,50,RandomUCBPPO,0.9161650862829696,3.0
Hurink_edata,la25.fjs,50,UCBOnly,0.8973444381228618,6.0
Hurink_edata,la25.fjs,50,UniformFixed,0.9614632009195685,1.0
Hurink_edata,la26.fjs,50,AdaptiveNoBC,1.0342837874290858,4.0
Hurink_edata,la26.fjs,50,AdaptiveSAOS,1.0396093850311128,2.0
Hurink_edata,la26.fjs,50,FixedUCBPPO,1.0345408882318843,3.0
Hurink_edata,la26.fjs,50,PPOOnly,0.9362784811418683,7.0
Hurink_edata,la26.fjs,50,RandomUCBPPO,1.055030986334902,1.0
Hurink_edata,la26.fjs,50,UCBOnly,1.0300605543159804,5.0
Hurink_edata,la26.fjs,50,UniformFixed,0.991197325907532,6.0
Hurink_edata,la27.fjs,50,AdaptiveNoBC,0.8697962677255442,3.0
Hurink_edata,la27.fjs,50,AdaptiveSAOS,0.8711169426788425,2.0
Hurink_edata,la27.fjs,50,FixedUCBPPO,0.74325867932088,6.0
Hurink_edata,la27.fjs,50,PPOOnly,0.7320921325737657,7.0
Hurink_edata,la27.fjs,50,RandomUCBPPO,0.8203037006835416,4.0
Hurink_edata,la27.fjs,50,UCBOnly,0.8951101576360748,1.0
Hurink_edata,la27.fjs,50,UniformFixed,0.7813792473698993,5.0
Hurink_edata,la28.fjs,50,AdaptiveNoBC,1.0503225796531448,4.0
Hurink_edata,la28.fjs,50,AdaptiveSAOS,1.0440955642985625,6.0
Hurink_edata,la28.fjs,50,FixedUCBPPO,1.0534363433318588,3.0
Hurink_edata,la28.fjs,50,PPOOnly,1.0645779048902582,2.0
Hurink_edata,la28.fjs,50,RandomUCBPPO,1.0491338202939207,5.0
Hurink_edata,la28.fjs,50,UCBOnly,1.0778474276711332,1.0
Hurink_edata,la28.fjs,50,UniformFixed,1.0259246645815776,7.0
Hurink_edata,la29.fjs,50,AdaptiveNoBC,0.9257234420612788,3.0
Hurink_edata,la29.fjs,50,AdaptiveSAOS,0.966345075794067,2.0
Hurink_edata,la29.fjs,50,FixedUCBPPO,0.8069802492429559,7.0
Hurink_edata,la29.fjs,50,PPOOnly,0.8598502167187556,5.0
Hurink_edata,la29.fjs,50,RandomUCBPPO,0.8721794255393709,4.0
Hurink_edata,la29.fjs,50,UCBOnly,0.9721908013654835,1.0
Hurink_edata,la29.fjs,50,UniformFixed,0.8384483413267607,6.0
Hurink_edata,la30.fjs,50,AdaptiveNoBC,0.8826977546630133,5.0
Hurink_edata,la30.fjs,50,AdaptiveSAOS,0.9343875599152636,1.0
Hurink_edata,la30.fjs,50,FixedUCBPPO,0.817842078583028,7.0
Hurink_edata,la30.fjs,50,PPOOnly,0.8988970430133392,3.0
Hurink_edata,la30.fjs,50,RandomUCBPPO,0.8449659181147668,6.0
Hurink_edata,la30.fjs,50,UCBOnly,0.9261390689945583,2.0
Hurink_edata,la30.fjs,50,UniformFixed,0.884603272934985,4.0
Hurink_edata,la31.fjs,50,AdaptiveNoBC,1.0468417334050806,1.0
Hurink_edata,la31.fjs,50,AdaptiveSAOS,0.9762442751341402,3.0
Hurink_edata,la31.fjs,50,FixedUCBPPO,0.9232204968813945,5.0
Hurink_edata,la31.fjs,50,PPOOnly,0.780081160569005,7.0
Hurink_edata,la31.fjs,50,RandomUCBPPO,0.9472377221632178,4.0
Hurink_edata,la31.fjs,50,UCBOnly,1.0038847934716502,2.0
Hurink_edata,la31.fjs,50,UniformFixed,0.9004013447605113,6.0
Hurink_edata,la32.fjs,50,AdaptiveNoBC,0.9006691040223005,4.0
Hurink_edata,la32.fjs,50,AdaptiveSAOS,0.9205940139963233,3.0
Hurink_edata,la32.fjs,50,FixedUCBPPO,0.9242105920292276,2.0
Hurink_edata,la32.fjs,50,PPOOnly,0.7821458236249794,7.0
Hurink_edata,la32.fjs,50,RandomUCBPPO,0.8085079599347816,6.0
Hurink_edata,la32.fjs,50,UCBOnly,0.9284081817860734,1.0
Hurink_edata,la32.fjs,50,UniformFixed,0.8570036349201666,5.0
Hurink_edata,la33.fjs,50,AdaptiveNoBC,0.9662930723793786,1.0
Hurink_edata,la33.fjs,50,AdaptiveSAOS,0.923852665139272,4.0
Hurink_edata,la33.fjs,50,FixedUCBPPO,0.8877585968276467,6.0
Hurink_edata,la33.fjs,50,PPOOnly,0.8640298327304896,7.0
Hurink_edata,la33.fjs,50,RandomUCBPPO,0.9381184935734479,3.0
Hurink_edata,la33.fjs,50,UCBOnly,0.9611437981072102,2.0
Hurink_edata,la33.fjs,50,UniformFixed,0.8953618166099255,5.0
Hurink_edata,la34.fjs,50,AdaptiveNoBC,0.8769391576585512,2.0
Hurink_edata,la34.fjs,50,AdaptiveSAOS,0.853806255969999,3.0
Hurink_edata,la34.fjs,50,FixedUCBPPO,0.7463702463266084,6.0
Hurink_edata,la34.fjs,50,PPOOnly,0.7667700608461194,5.0
Hurink_edata,la34.fjs,50,RandomUCBPPO,0.7763191164372307,4.0
Hurink_edata,la34.fjs,50,UCBOnly,0.9152528682033647,1.0
Hurink_edata,la34.fjs,50,UniformFixed,0.7375848959287126,7.0
Hurink_edata,la35.fjs,50,AdaptiveNoBC,0.9493393909792551,4.0
Hurink_edata,la35.fjs,50,AdaptiveSAOS,1.0400038100539577,1.0
Hurink_edata,la35.fjs,50,FixedUCBPPO,0.9374850190613178,5.0
Hurink_edata,la35.fjs,50,PPOOnly,0.877627085051503,7.0
Hurink_edata,la35.fjs,50,RandomUCBPPO,0.8899565243686811,6.0
Hurink_edata,la35.fjs,50,UCBOnly,0.9924915312169663,3.0
Hurink_edata,la35.fjs,50,UniformFixed,1.0168971137584424,2.0
Hurink_edata,la36.fjs,50,AdaptiveNoBC,1.0341437599435102,4.0
Hurink_edata,la36.fjs,50,AdaptiveSAOS,1.061768902194321,2.0
Hurink_edata,la36.fjs,50,FixedUCBPPO,0.9643049172130123,5.0
Hurink_edata,la36.fjs,50,PPOOnly,1.0457759340371056,3.0
Hurink_edata,la36.fjs,50,RandomUCBPPO,0.9624854150349033,6.0
Hurink_edata,la36.fjs,50,UCBOnly,1.1066160810329209,1.0
Hurink_edata,la36.fjs,50,UniformFixed,0.9518825583111236,7.0
Hurink_edata,la37.fjs,50,AdaptiveNoBC,1.0682588515731068,5.0
Hurink_edata,la37.fjs,50,AdaptiveSAOS,1.092429901634187,1.0
Hurink_edata,la37.fjs,50,FixedUCBPPO,1.0693958171843798,4.0
Hurink_edata,la37.fjs,50,PPOOnly,1.0294035085051179,7.0
Hurink_edata,la37.fjs,50,RandomUCBPPO,1.0616789185763147,6.0
Hurink_edata,la37.fjs,50,UCBOnly,1.0872181126596558,2.0
Hurink_edata,la37.fjs,50,UniformFixed,1.0704816855343902,3.0
Hurink_edata,la38.fjs,50,AdaptiveNoBC,1.0072664948344578,4.0
Hurink_edata,la38.fjs,50,AdaptiveSAOS,1.0466899323611696,1.0
Hurink_edata,la38.fjs,50,FixedUCBPPO,0.9524061496750471,6.0
Hurink_edata,la38.fjs,50,PPOOnly,0.93332650505722,7.0
Hurink_edata,la38.fjs,50,RandomUCBPPO,0.9809044899592541,5.0
Hurink_edata,la38.fjs,50,UCBOnly,1.013743795776979,3.0
Hurink_edata,la38.fjs,50,UniformFixed,1.0221048608948913,2.0
Hurink_edata,la39.fjs,50,AdaptiveNoBC,1.097605528905579,3.0
Hurink_edata,la39.fjs,50,AdaptiveSAOS,1.0895822361097294,4.0
Hurink_edata,la39.fjs,50,FixedUCBPPO,1.111598697028122,2.0
Hurink_edata,la39.fjs,50,PPOOnly,1.0712065550333953,6.0
Hurink_edata,la39.fjs,50,RandomUCBPPO,1.0760258462760808,5.0
Hurink_edata,la39.fjs,50,UCBOnly,1.121834133436167,1.0
Hurink_edata,la39.fjs,50,UniformFixed,1.0327503894607097,7.0
Hurink_edata,la40.fjs,50,AdaptiveNoBC,1.0503717541874331,3.0
Hurink_edata,la40.fjs,50,AdaptiveSAOS,1.074596961213064,2.0
Hurink_edata,la40.fjs,50,FixedUCBPPO,0.9816012166771508,6.0
Hurink_edata,la40.fjs,50,PPOOnly,0.9522308276867879,7.0
Hurink_edata,la40.fjs,50,RandomUCBPPO,1.000829785557396,5.0
Hurink_edata,la40.fjs,50,UCBOnly,1.0758906231526026,1.0
Hurink_edata,la40.fjs,50,UniformFixed,1.0432418235629575,4.0
Brandimarte,Mk01.fjs,100,AdaptiveNoBC,0.9562006248609635,4.0
Brandimarte,Mk01.fjs,100,AdaptiveSAOS,0.9770115595610837,1.0
Brandimarte,Mk01.fjs,100,FixedUCBPPO,0.9642726108753007,3.0
Brandimarte,Mk01.fjs,100,PPOOnly,0.9149711043711175,7.0
Brandimarte,Mk01.fjs,100,RandomUCBPPO,0.9553302562766164,5.0
Brandimarte,Mk01.fjs,100,UCBOnly,0.9682025758088673,2.0
Brandimarte,Mk01.fjs,100,UniformFixed,0.9271917049875914,6.0
Brandimarte,Mk02.fjs,100,AdaptiveNoBC,0.987738191305329,5.0
Brandimarte,Mk02.fjs,100,AdaptiveSAOS,1.0034357133482097,2.0
Brandimarte,Mk02.fjs,100,FixedUCBPPO,1.0487708948331358,1.0
Brandimarte,Mk02.fjs,100,PPOOnly,0.9774333935264156,7.0
Brandimarte,Mk02.fjs,100,RandomUCBPPO,0.9822076400448737,6.0
Brandimarte,Mk02.fjs,100,UCBOnly,1.0007180667176148,3.0
Brandimarte,Mk02.fjs,100,UniformFixed,0.9990626088231159,4.0
Brandimarte,Mk03.fjs,100,AdaptiveNoBC,0.9165597997266558,1.0
Brandimarte,Mk03.fjs,100,AdaptiveSAOS,0.9042648352057436,6.0
Brandimarte,Mk03.fjs,100,FixedUCBPPO,0.9117139025291345,4.0
Brandimarte,Mk03.fjs,100,PPOOnly,0.9002681938630933,7.0
Brandimarte,Mk03.fjs,100,RandomUCBPPO,0.9063695809767609,5.0
Brandimarte,Mk03.fjs,100,UCBOnly,0.9126456936417625,3.0
Brandimarte,Mk03.fjs,100,UniformFixed,0.9145578873142679,2.0
Brandimarte,Mk04.fjs,100,AdaptiveNoBC,0.9164855130891153,1.0
Brandimarte,Mk04.fjs,100,AdaptiveSAOS,0.9036951177860146,4.0
Brandimarte,Mk04.fjs,100,FixedUCBPPO,0.9043480175291068,3.0
Brandimarte,Mk04.fjs,100,PPOOnly,0.8619519752012956,7.0
Brandimarte,Mk04.fjs,100,RandomUCBPPO,0.8947946240622497,5.0
Brandimarte,Mk04.fjs,100,UCBOnly,0.9087059167907989,2.0
Brandimarte,Mk04.fjs,100,UniformFixed,0.8716577107360735,6.0
Brandimarte,Mk05.fjs,100,AdaptiveNoBC,0.9583752912888103,5.0
Brandimarte,Mk05.fjs,100,AdaptiveSAOS,0.9384979225036687,7.0
Brandimarte,Mk05.fjs,100,FixedUCBPPO,1.0248618970696755,1.0
Brandimarte,Mk05.fjs,100,PPOOnly,0.976032157359372,4.0
Brandimarte,Mk05.fjs,100,RandomUCBPPO,0.9825050397324395,3.0
Brandimarte,Mk05.fjs,100,UCBOnly,0.9907271256106547,2.0
Brandimarte,Mk05.fjs,100,UniformFixed,0.9512353741217718,6.0
Brandimarte,Mk06.fjs,100,AdaptiveNoBC,0.8422713822505377,1.0
Brandimarte,Mk06.fjs,100,AdaptiveSAOS,0.8308125215275896,5.0
Brandimarte,Mk06.fjs,100,FixedUCBPPO,0.8389644330563133,3.0
Brandimarte,Mk06.fjs,100,PPOOnly,0.8395483089068362,2.0
Brandimarte,Mk06.fjs,100,RandomUCBPPO,0.8290395053038395,6.0
Brandimarte,Mk06.fjs,100,UCBOnly,0.8356417493585068,4.0
Brandimarte,Mk06.fjs,100,UniformFixed,0.8098345351545189,7.0
Brandimarte,Mk07.fjs,100,AdaptiveNoBC,1.0915876651578706,6.0
Brandimarte,Mk07.fjs,100,AdaptiveSAOS,1.0921931719550988,5.0
Brandimarte,Mk07.fjs,100,FixedUCBPPO,1.1112123570895698,1.0
Brandimarte,Mk07.fjs,100,PPOOnly,1.0807730559547675,7.0
Brandimarte,Mk07.fjs,100,RandomUCBPPO,1.0978742399472117,4.0
Brandimarte,Mk07.fjs,100,UCBOnly,1.1052293882990818,2.0
Brandimarte,Mk07.fjs,100,UniformFixed,1.0979266279822186,3.0
Brandimarte,Mk08.fjs,100,AdaptiveNoBC,1.0345205192557136,1.0
Brandimarte,Mk08.fjs,100,AdaptiveSAOS,1.0286375978141098,2.0
Brandimarte,Mk08.fjs,100,FixedUCBPPO,1.0122945543276223,4.0
Brandimarte,Mk08.fjs,100,PPOOnly,0.9532755976325498,7.0
Brandimarte,Mk08.fjs,100,RandomUCBPPO,1.0105138492572812,5.0
Brandimarte,Mk08.fjs,100,UCBOnly,1.0226494337641188,3.0
Brandimarte,Mk08.fjs,100,UniformFixed,0.9720173426735853,6.0
Brandimarte,Mk09.fjs,100,AdaptiveNoBC,0.9626238637808193,6.0
Brandimarte,Mk09.fjs,100,AdaptiveSAOS,0.9840460137626293,3.0
Brandimarte,Mk09.fjs,100,FixedUCBPPO,0.9855897537739371,2.0
Brandimarte,Mk09.fjs,100,PPOOnly,0.9794778320679807,4.0
Brandimarte,Mk09.fjs,100,RandomUCBPPO,0.9902284127841627,1.0
Brandimarte,Mk09.fjs,100,UCBOnly,0.968077036722814,5.0
Brandimarte,Mk09.fjs,100,UniformFixed,0.9542281627235165,7.0
Brandimarte,Mk10.fjs,100,AdaptiveNoBC,0.7891129761264617,3.0
Brandimarte,Mk10.fjs,100,AdaptiveSAOS,0.7592138440884246,5.0
Brandimarte,Mk10.fjs,100,FixedUCBPPO,0.8526843427909483,1.0
Brandimarte,Mk10.fjs,100,PPOOnly,0.6499252485762828,7.0
Brandimarte,Mk10.fjs,100,RandomUCBPPO,0.7694892311534551,4.0
Brandimarte,Mk10.fjs,100,UCBOnly,0.8236033045927076,2.0
Brandimarte,Mk10.fjs,100,UniformFixed,0.6778974833669411,6.0
Hurink_edata,la01.fjs,100,AdaptiveNoBC,1.1006147532710746,2.0
Hurink_edata,la01.fjs,100,AdaptiveSAOS,1.0541755677200166,6.0
Hurink_edata,la01.fjs,100,FixedUCBPPO,1.0705986588102165,5.0
Hurink_edata,la01.fjs,100,PPOOnly,1.1089881938991342,1.0
Hurink_edata,la01.fjs,100,RandomUCBPPO,1.0900671029994116,4.0
Hurink_edata,la01.fjs,100,UCBOnly,1.0984086620959759,3.0
Hurink_edata,la01.fjs,100,UniformFixed,1.0452143129297475,7.0
Hurink_edata,la02.fjs,100,AdaptiveNoBC,1.0675670876338035,3.0
Hurink_edata,la02.fjs,100,AdaptiveSAOS,1.0277539717008195,7.0
Hurink_edata,la02.fjs,100,FixedUCBPPO,1.0786366629612942,2.0
Hurink_edata,la02.fjs,100,PPOOnly,1.0385443101051226,6.0
Hurink_edata,la02.fjs,100,RandomUCBPPO,1.0445102351279363,5.0
Hurink_edata,la02.fjs,100,UCBOnly,1.0504967846302844,4.0
Hurink_edata,la02.fjs,100,UniformFixed,1.080536653457735,1.0
Hurink_edata,la03.fjs,100,AdaptiveNoBC,1.1332783910842088,2.0
Hurink_edata,la03.fjs,100,AdaptiveSAOS,1.1113173239958452,5.0
Hurink_edata,la03.fjs,100,FixedUCBPPO,1.1301411620974875,3.0
Hurink_edata,la03.fjs,100,PPOOnly,1.0886190034382546,6.0
Hurink_edata,la03.fjs,100,RandomUCBPPO,1.1398331687220966,1.0
Hurink_edata,la03.fjs,100,UCBOnly,1.1190649385780684,4.0
Hurink_edata,la03.fjs,100,UniformFixed,1.08832695968242,7.0
Hurink_edata,la04.fjs,100,AdaptiveNoBC,1.0679474276902958,5.0
Hurink_edata,la04.fjs,100,AdaptiveSAOS,1.0668692484459483,6.0
Hurink_edata,la04.fjs,100,FixedUCBPPO,1.0933428441774276,2.0
Hurink_edata,la04.fjs,100,PPOOnly,1.046421961972485,7.0
Hurink_edata,la04.fjs,100,RandomUCBPPO,1.0973087669026773,1.0
Hurink_edata,la04.fjs,100,UCBOnly,1.0793703047790697,3.0
Hurink_edata,la04.fjs,100,UniformFixed,1.0735427582300354,4.0
Hurink_edata,la05.fjs,100,AdaptiveNoBC,1.120155141040681,6.0
Hurink_edata,la05.fjs,100,AdaptiveSAOS,1.1323940642775971,4.0
Hurink_edata,la05.fjs,100,FixedUCBPPO,1.1398232509740642,2.0
Hurink_edata,la05.fjs,100,PPOOnly,1.135489523858947,3.0
Hurink_edata,la05.fjs,100,RandomUCBPPO,1.1317914905141684,5.0
Hurink_edata,la05.fjs,100,UCBOnly,1.1466014507592694,1.0
Hurink_edata,la05.fjs,100,UniformFixed,1.0987618386480367,7.0
Hurink_edata,la06.fjs,100,AdaptiveNoBC,1.2409430847477747,4.0
Hurink_edata,la06.fjs,100,AdaptiveSAOS,1.2434288208326199,3.0
Hurink_edata,la06.fjs,100,FixedUCBPPO,1.2486689967610909,2.0
Hurink_edata,la06.fjs,100,PPOOnly,1.1575597508645146,7.0
Hurink_edata,la06.fjs,100,RandomUCBPPO,1.230419863280582,5.0
Hurink_edata,la06.fjs,100,UCBOnly,1.2524331376810172,1.0
Hurink_edata,la06.fjs,100,UniformFixed,1.1933774826654462,6.0
Hurink_edata,la07.fjs,100,AdaptiveNoBC,1.1961339187904443,1.0
Hurink_edata,la07.fjs,100,AdaptiveSAOS,1.1873785235194596,3.0
Hurink_edata,la07.fjs,100,FixedUCBPPO,1.1695911599658333,6.0
Hurink_edata,la07.fjs,100,PPOOnly,1.1531328469729556,7.0
Hurink_edata,la07.fjs,100,RandomUCBPPO,1.1885259597542277,2.0
Hurink_edata,la07.fjs,100,UCBOnly,1.184991962424415,4.0
Hurink_edata,la07.fjs,100,UniformFixed,1.1716339306034285,5.0
Hurink_edata,la08.fjs,100,AdaptiveNoBC,1.203139687586445,1.0
Hurink_edata,la08.fjs,100,AdaptiveSAOS,1.2012510521715196,4.0
Hurink_edata,la08.fjs,100,FixedUCBPPO,1.2012635528390472,3.0
Hurink_edata,la08.fjs,100,PPOOnly,1.1699673986978838,6.0
Hurink_edata,la08.fjs,100,RandomUCBPPO,1.2017890548188495,2.0
Hurink_edata,la08.fjs,100,UCBOnly,1.1975467397590134,5.0
Hurink_edata,la08.fjs,100,UniformFixed,1.1557832950566849,7.0
Hurink_edata,la09.fjs,100,AdaptiveNoBC,1.152332159086293,4.0
Hurink_edata,la09.fjs,100,AdaptiveSAOS,1.1215003707543267,7.0
Hurink_edata,la09.fjs,100,FixedUCBPPO,1.1649437244054952,1.0
Hurink_edata,la09.fjs,100,PPOOnly,1.1611429249095397,2.0
Hurink_edata,la09.fjs,100,RandomUCBPPO,1.1446904639832431,6.0
Hurink_edata,la09.fjs,100,UCBOnly,1.148428664022443,5.0
Hurink_edata,la09.fjs,100,UniformFixed,1.1595877861354849,3.0
Hurink_edata,la10.fjs,100,AdaptiveNoBC,0.9890932793329298,4.0
Hurink_edata,la10.fjs,100,AdaptiveSAOS,0.9525634542009412,7.0
Hurink_edata,la10.fjs,100,FixedUCBPPO,0.9820220338662925,6.0
Hurink_edata,la10.fjs,100,PPOOnly,0.9858825197460153,5.0
Hurink_edata,la10.fjs,100,RandomUCBPPO,1.008868351571221,2.0
Hurink_edata,la10.fjs,100,UCBOnly,0.9979205898956225,3.0
Hurink_edata,la10.fjs,100,UniformFixed,1.037069404492146,1.0
Hurink_edata,la11.fjs,100,AdaptiveNoBC,1.1408240581076434,6.0
Hurink_edata,la11.fjs,100,AdaptiveSAOS,1.148812652741889,2.0
Hurink_edata,la11.fjs,100,FixedUCBPPO,1.1466364350130518,3.0
Hurink_edata,la11.fjs,100,PPOOnly,1.1744599748328628,1.0
Hurink_edata,la11.fjs,100,RandomUCBPPO,1.1180651113788285,7.0
Hurink_edata,la11.fjs,100,UCBOnly,1.1412655738581479,5.0
Hurink_edata,la11.fjs,100,UniformFixed,1.1453466301680204,4.0
Hurink_edata,la12.fjs,100,AdaptiveNoBC,1.1762871775293278,2.0
Hurink_edata,la12.fjs,100,AdaptiveSAOS,1.1684740564585825,4.0
Hurink_edata,la12.fjs,100,FixedUCBPPO,1.1577408917884968,5.0
Hurink_edata,la12.fjs,100,PPOOnly,1.1437975427187785,7.0
Hurink_edata,la12.fjs,100,RandomUCBPPO,1.146993630824903,6.0
Hurink_edata,la12.fjs,100,UCBOnly,1.1731057917371295,3.0
Hurink_edata,la12.fjs,100,UniformFixed,1.1796055939915484,1.0
Hurink_edata,la13.fjs,100,AdaptiveNoBC,1.130946133889441,1.0
Hurink_edata,la13.fjs,100,AdaptiveSAOS,1.0868086527632648,5.0
Hurink_edata,la13.fjs,100,FixedUCBPPO,1.0802349542386134,7.0
Hurink_edata,la13.fjs,100,PPOOnly,1.0848204619852604,6.0
Hurink_edata,la13.fjs,100,RandomUCBPPO,1.093351501998089,3.0
Hurink_edata,la13.fjs,100,UCBOnly,1.092282330984264,4.0
Hurink_edata,la13.fjs,100,UniformFixed,1.1067229795410443,2.0
Hurink_edata,la14.fjs,100,AdaptiveNoBC,1.1014375718051408,4.0
Hurink_edata,la14.fjs,100,AdaptiveSAOS,1.0947649541946105,6.0
Hurink_edata,la14.fjs,100,FixedUCBPPO,1.110138697178775,2.0
Hurink_edata,la14.fjs,100,PPOOnly,1.084837018235611,7.0
Hurink_edata,la14.fjs,100,RandomUCBPPO,1.1067779481862279,3.0
Hurink_edata,la14.fjs,100,UCBOnly,1.1004713843427334,5.0
Hurink_edata,la14.fjs,100,UniformFixed,1.1301002538530316,1.0
Hurink_edata,la15.fjs,100,AdaptiveNoBC,1.0979420294735955,3.0
Hurink_edata,la15.fjs,100,AdaptiveSAOS,1.0580655083541686,6.0
Hurink_edata,la15.fjs,100,FixedUCBPPO,1.074659761605528,5.0
Hurink_edata,la15.fjs,100,PPOOnly,1.1519152474443972,1.0
Hurink_edata,la15.fjs,100,RandomUCBPPO,1.0577236879500354,7.0
Hurink_edata,la15.fjs,100,UCBOnly,1.0772907742433402,4.0
Hurink_edata,la15.fjs,100,UniformFixed,1.1288379347127584,2.0
Hurink_edata,la16.fjs,100,AdaptiveNoBC,1.110131042468154,4.0
Hurink_edata,la16.fjs,100,AdaptiveSAOS,1.118287949058299,3.0
Hurink_edata,la16.fjs,100,FixedUCBPPO,1.1261297339425356,1.0
Hurink_edata,la16.fjs,100,PPOOnly,1.036169545209757,7.0
Hurink_edata,la16.fjs,100,RandomUCBPPO,1.1080184803612987,5.0
Hurink_edata,la16.fjs,100,UCBOnly,1.11894143328302,2.0
Hurink_edata,la16.fjs,100,UniformFixed,1.061121263777088,6.0
Hurink_edata,la17.fjs,100,AdaptiveNoBC,1.1825487442171458,1.0
Hurink_edata,la17.fjs,100,AdaptiveSAOS,1.1437213860639173,5.0
Hurink_edata,la17.fjs,100,FixedUCBPPO,1.1560773636680692,3.0
Hurink_edata,la17.fjs,100,PPOOnly,1.1208827689735061,7.0
Hurink_edata,la17.fjs,100,RandomUCBPPO,1.1527440585078952,4.0
Hurink_edata,la17.fjs,100,UCBOnly,1.1293356269146733,6.0
Hurink_edata,la17.fjs,100,UniformFixed,1.1586293124053193,2.0
Hurink_edata,la18.fjs,100,AdaptiveNoBC,1.082446827853575,3.0
Hurink_edata,la18.fjs,100,AdaptiveSAOS,1.0875135704549788,2.0
Hurink_edata,la18.fjs,100,FixedUCBPPO,1.066469487399686,6.0
Hurink_edata,la18.fjs,100,PPOOnly,1.072884253041755,5.0
Hurink_edata,la18.fjs,100,RandomUCBPPO,1.0622873793862628,7.0
Hurink_edata,la18.fjs,100,UCBOnly,1.0806474173739347,4.0
Hurink_edata,la18.fjs,100,UniformFixed,1.1016306574968824,1.0
Hurink_edata,la19.fjs,100,AdaptiveNoBC,1.0848200762225972,6.0
Hurink_edata,la19.fjs,100,AdaptiveSAOS,1.0939204053934621,3.0
Hurink_edata,la19.fjs,100,FixedUCBPPO,1.094117784076885,2.0
Hurink_edata,la19.fjs,100,PPOOnly,1.0872636811510503,5.0
Hurink_edata,la19.fjs,100,RandomUCBPPO,1.0617931695358709,7.0
Hurink_edata,la19.fjs,100,UCBOnly,1.0890523823510014,4.0
Hurink_edata,la19.fjs,100,UniformFixed,1.104693879167094,1.0
Hurink_edata,la20.fjs,100,AdaptiveNoBC,1.1157997719554151,3.0
Hurink_edata,la20.fjs,100,AdaptiveSAOS,1.0682308400078133,7.0
Hurink_edata,la20.fjs,100,FixedUCBPPO,1.0948157833262,5.0
Hurink_edata,la20.fjs,100,PPOOnly,1.1263207898601428,1.0
Hurink_edata,la20.fjs,100,RandomUCBPPO,1.0837873455774436,6.0
Hurink_edata,la20.fjs,100,UCBOnly,1.1033070124645485,4.0
Hurink_edata,la20.fjs,100,UniformFixed,1.1198569616784684,2.0
Hurink_edata,la21.fjs,100,AdaptiveNoBC,1.009329193482685,1.0
Hurink_edata,la21.fjs,100,AdaptiveSAOS,0.9757363259741518,3.0
Hurink_edata,la21.fjs,100,FixedUCBPPO,0.9254029428642225,5.0
Hurink_edata,la21.fjs,100,PPOOnly,0.8434910429454798,7.0
Hurink_edata,la21.fjs,100,RandomUCBPPO,0.9677881631330132,4.0
Hurink_edata,la21.fjs,100,UCBOnly,0.9797481049956029,2.0
Hurink_edata,la21.fjs,100,UniformFixed,0.8561687995785061,6.0
Hurink_edata,la22.fjs,100,AdaptiveNoBC,0.9562139944312886,5.0
Hurink_edata,la22.fjs,100,AdaptiveSAOS,1.0020854926093445,1.0
Hurink_edata,la22.fjs,100,FixedUCBPPO,0.9583426485972617,4.0
Hurink_edata,la22.fjs,100,PPOOnly,1.0005963784011886,2.0
Hurink_edata,la22.fjs,100,RandomUCBPPO,0.9272614296240731,6.0
Hurink_edata,la22.fjs,100,UCBOnly,0.9706295046281845,3.0
Hurink_edata,la22.fjs,100,UniformFixed,0.892729168205161,7.0
Hurink_edata,la23.fjs,100,AdaptiveNoBC,1.161765920197164,3.0
Hurink_edata,la23.fjs,100,AdaptiveSAOS,1.1600143533920175,4.0
Hurink_edata,la23.fjs,100,FixedUCBPPO,1.1661338177231053,2.0
Hurink_edata,la23.fjs,100,PPOOnly,1.073248823595875,7.0
Hurink_edata,la23.fjs,100,RandomUCBPPO,1.1153463038117584,5.0
Hurink_edata,la23.fjs,100,UCBOnly,1.1777180107730547,1.0
Hurink_edata,la23.fjs,100,UniformFixed,1.1064396172285724,6.0
Hurink_edata,la24.fjs,100,AdaptiveNoBC,1.1298164487643831,3.0
Hurink_edata,la24.fjs,100,AdaptiveSAOS,1.0978191584023835,7.0
Hurink_edata,la24.fjs,100,FixedUCBPPO,1.1057625687193768,4.0
Hurink_edata,la24.fjs,100,PPOOnly,1.1363024624287315,2.0
Hurink_edata,la24.fjs,100,RandomUCBPPO,1.101589167447262,6.0
Hurink_edata,la24.fjs,100,UCBOnly,1.1430030183430064,1.0
Hurink_edata,la24.fjs,100,UniformFixed,1.1052718425785386,5.0
Hurink_edata,la25.fjs,100,AdaptiveNoBC,0.974897670033515,1.0
Hurink_edata,la25.fjs,100,AdaptiveSAOS,0.939745263722539,5.0
Hurink_edata,la25.fjs,100,FixedUCBPPO,0.960858221205612,3.0
Hurink_edata,la25.fjs,100,PPOOnly,0.8503538984301815,7.0
Hurink_edata,la25.fjs,100,RandomUCBPPO,0.9288649714940639,6.0
Hurink_edata,la25.fjs,100,UCBOnly,0.9710639526319282,2.0
Hurink_edata,la25.fjs,100,UniformFixed,0.9501146711861688,4.0
Hurink_edata,la26.fjs,100,AdaptiveNoBC,1.1522310424533257,4.0
Hurink_edata,la26.fjs,100,AdaptiveSAOS,1.168115293875651,1.0
Hurink_edata,la26.fjs,100,FixedUCBPPO,1.138581487241124,5.0
Hurink_edata,la26.fjs,100,PPOOnly,1.0912712835426057,7.0
Hurink_edata,la26.fjs,100,RandomUCBPPO,1.1667361040585211,2.0
Hurink_edata,la26.fjs,100,UCBOnly,1.1654984416817535,3.0
Hurink_edata,la26.fjs,100,UniformFixed,1.1087914657499205,6.0
Hurink_edata,la27.fjs,100,AdaptiveNoBC,0.9086169950455977,3.0
Hurink_edata,la27.fjs,100,AdaptiveSAOS,0.8970088887151386,4.0
Hurink_edata,la27.fjs,100,FixedUCBPPO,0.9608833418612353,1.0
Hurink_edata,la27.fjs,100,PPOOnly,0.8189522298479974,6.0
Hurink_edata,la27.fjs,100,RandomUCBPPO,0.8726844445599063,5.0
Hurink_edata,la27.fjs,100,UCBOnly,0.9330302219491311,2.0
Hurink_edata,la27.fjs,100,UniformFixed,0.8188952764964009,7.0
Hurink_edata,la28.fjs,100,AdaptiveNoBC,0.9440889237448682,4.0
Hurink_edata,la28.fjs,100,AdaptiveSAOS,0.9307870387618563,5.0
Hurink_edata,la28.fjs,100,FixedUCBPPO,0.9230909836134957,6.0
Hurink_edata,la28.fjs,100,PPOOnly,0.9126297577490292,7.0
Hurink_edata,la28.fjs,100,RandomUCBPPO,0.9528854658932395,3.0
Hurink_edata,la28.fjs,100,UCBOnly,0.9679833143957659,2.0
Hurink_edata,la28.fjs,100,UniformFixed,1.022498820388738,1.0
Hurink_edata,la29.fjs,100,AdaptiveNoBC,0.9429144220925161,2.0
Hurink_edata,la29.fjs,100,AdaptiveSAOS,0.8454672269472009,5.0
Hurink_edata,la29.fjs,100,FixedUCBPPO,0.9148049751762635,4.0
Hurink_edata,la29.fjs,100,PPOOnly,0.7569788334253205,7.0
Hurink_edata,la29.fjs,100,RandomUCBPPO,0.8261701874514888,6.0
Hurink_edata,la29.fjs,100,UCBOnly,0.9354717699820267,3.0
Hurink_edata,la29.fjs,100,UniformFixed,0.9710329442790152,1.0
Hurink_edata,la30.fjs,100,AdaptiveNoBC,1.0115506093391167,1.0
Hurink_edata,la30.fjs,100,AdaptiveSAOS,0.9691780780709276,7.0
Hurink_edata,la30.fjs,100,FixedUCBPPO,0.9735643541395202,6.0
Hurink_edata,la30.fjs,100,PPOOnly,1.0039991792338072,4.0
Hurink_edata,la30.fjs,100,RandomUCBPPO,0.9893539852956129,5.0
Hurink_edata,la30.fjs,100,UCBOnly,1.0099199545426623,2.0
Hurink_edata,la30.fjs,100,UniformFixed,1.0080760505818116,3.0
Hurink_edata,la31.fjs,100,AdaptiveNoBC,0.9742642295982046,4.0
Hurink_edata,la31.fjs,100,AdaptiveSAOS,0.9870011296995421,3.0
Hurink_edata,la31.fjs,100,FixedUCBPPO,0.9999296816134985,2.0
Hurink_edata,la31.fjs,100,PPOOnly,0.8422459307379127,7.0
Hurink_edata,la31.fjs,100,RandomUCBPPO,0.9636959066913664,5.0
Hurink_edata,la31.fjs,100,UCBOnly,1.0346187487563596,1.0
Hurink_edata,la31.fjs,100,UniformFixed,0.8475070200546773,6.0
Hurink_edata,la32.fjs,100,AdaptiveNoBC,0.990628535731888,6.0
Hurink_edata,la32.fjs,100,AdaptiveSAOS,1.060800300798713,2.0
Hurink_edata,la32.fjs,100,FixedUCBPPO,1.0375228347453966,3.0
Hurink_edata,la32.fjs,100,PPOOnly,0.944766171782438,7.0
Hurink_edata,la32.fjs,100,RandomUCBPPO,1.012142370387211,5.0
Hurink_edata,la32.fjs,100,UCBOnly,1.0805433878438109,1.0
Hurink_edata,la32.fjs,100,UniformFixed,1.0359267208952057,4.0
Hurink_edata,la33.fjs,100,AdaptiveNoBC,1.01352818262564,6.0
Hurink_edata,la33.fjs,100,AdaptiveSAOS,1.0175416501033179,5.0
Hurink_edata,la33.fjs,100,FixedUCBPPO,1.05393254716124,1.0
Hurink_edata,la33.fjs,100,PPOOnly,0.9896663060544113,7.0
Hurink_edata,la33.fjs,100,RandomUCBPPO,1.0271257231268764,4.0
Hurink_edata,la33.fjs,100,UCBOnly,1.0290353573048625,3.0
Hurink_edata,la33.fjs,100,UniformFixed,1.032725749228017,2.0
Hurink_edata,la34.fjs,100,AdaptiveNoBC,0.9924795770433176,2.0
Hurink_edata,la34.fjs,100,AdaptiveSAOS,0.956641640705227,4.0
Hurink_edata,la34.fjs,100,FixedUCBPPO,0.9751655214522466,3.0
Hurink_edata,la34.fjs,100,PPOOnly,0.8646101644617217,6.0
Hurink_edata,la34.fjs,100,RandomUCBPPO,0.954246336870995,5.0
Hurink_edata,la34.fjs,100,UCBOnly,0.9946229663037927,1.0
Hurink_edata,la34.fjs,100,UniformFixed,0.7970255414144151,7.0
Hurink_edata,la35.fjs,100,AdaptiveNoBC,0.9835660172667956,3.0
Hurink_edata,la35.fjs,100,AdaptiveSAOS,1.0254326973355516,2.0
Hurink_edata,la35.fjs,100,FixedUCBPPO,0.9759338212328508,4.0
Hurink_edata,la35.fjs,100,PPOOnly,0.898026252521209,7.0
Hurink_edata,la35.fjs,100,RandomUCBPPO,0.9691002364420178,5.0
Hurink_edata,la35.fjs,100,UCBOnly,0.9667393528775161,6.0
Hurink_edata,la35.fjs,100,UniformFixed,1.072521487304142,1.0
Hurink_edata,la36.fjs,100,AdaptiveNoBC,1.1431587340061495,1.0
Hurink_edata,la36.fjs,100,AdaptiveSAOS,1.0970476406253473,4.0
Hurink_edata,la36.fjs,100,FixedUCBPPO,1.0948378976683486,5.0
Hurink_edata,la36.fjs,100,PPOOnly,1.093129067496121,6.0
Hurink_edata,la36.fjs,100,RandomUCBPPO,1.0995066699668516,3.0
Hurink_edata,la36.fjs,100,UCBOnly,1.0996243176915792,2.0
Hurink_edata,la36.fjs,100,UniformFixed,1.060311471295298,7.0
Hurink_edata,la37.fjs,100,AdaptiveNoBC,1.026225043581166,5.0
Hurink_edata,la37.fjs,100,AdaptiveSAOS,1.0097839166634697,6.0
Hurink_edata,la37.fjs,100,FixedUCBPPO,1.0628896631615863,3.0
Hurink_edata,la37.fjs,100,PPOOnly,1.0054498820003415,7.0
Hurink_edata,la37.fjs,100,RandomUCBPPO,1.0701442655748867,2.0
Hurink_edata,la37.fjs,100,UCBOnly,1.062414704444112,4.0
Hurink_edata,la37.fjs,100,UniformFixed,1.0768073454526752,1.0
Hurink_edata,la38.fjs,100,AdaptiveNoBC,1.078104530695871,3.0
Hurink_edata,la38.fjs,100,AdaptiveSAOS,1.04986792797424,5.0
Hurink_edata,la38.fjs,100,FixedUCBPPO,1.0429724583825795,6.0
Hurink_edata,la38.fjs,100,PPOOnly,1.0213577101948093,7.0
Hurink_edata,la38.fjs,100,RandomUCBPPO,1.0747000814201897,4.0
Hurink_edata,la38.fjs,100,UCBOnly,1.0781256377032054,2.0
Hurink_edata,la38.fjs,100,UniformFixed,1.0953368285510723,1.0
Hurink_edata,la39.fjs,100,AdaptiveNoBC,1.0883877084363125,2.0
Hurink_edata,la39.fjs,100,AdaptiveSAOS,1.0748815821979765,4.0
Hurink_edata,la39.fjs,100,FixedUCBPPO,1.0776783626605324,3.0
Hurink_edata,la39.fjs,100,PPOOnly,1.0661697530384513,6.0
Hurink_edata,la39.fjs,100,RandomUCBPPO,1.0885921525793392,1.0
Hurink_edata,la39.fjs,100,UCBOnly,1.0692669394293564,5.0
Hurink_edata,la39.fjs,100,UniformFixed,1.0620782506167563,7.0
Hurink_edata,la40.fjs,100,AdaptiveNoBC,1.1660123743838913,3.0
Hurink_edata,la40.fjs,100,AdaptiveSAOS,1.1872953841056684,2.0
Hurink_edata,la40.fjs,100,FixedUCBPPO,1.1564662092218394,4.0
Hurink_edata,la40.fjs,100,PPOOnly,1.0983182928847603,7.0
Hurink_edata,la40.fjs,100,RandomUCBPPO,1.1499428929191713,5.0
Hurink_edata,la40.fjs,100,UCBOnly,1.2054084513765677,1.0
Hurink_edata,la40.fjs,100,UniformFixed,1.1306658832144676,6.0
Brandimarte,Mk01.fjs,200,AdaptiveNoBC,1.0616461574805705,2.0
Brandimarte,Mk01.fjs,200,AdaptiveSAOS,1.0716328110026416,1.0
Brandimarte,Mk01.fjs,200,FixedUCBPPO,1.0178676719271889,7.0
Brandimarte,Mk01.fjs,200,PPOOnly,1.0235370464425384,5.0
Brandimarte,Mk01.fjs,200,RandomUCBPPO,1.060335879388868,3.0
Brandimarte,Mk01.fjs,200,UCBOnly,1.0489673773711945,4.0
Brandimarte,Mk01.fjs,200,UniformFixed,1.0205457248129035,6.0
Brandimarte,Mk02.fjs,200,AdaptiveNoBC,1.0493933700551237,7.0
Brandimarte,Mk02.fjs,200,AdaptiveSAOS,1.0657569122154147,6.0
Brandimarte,Mk02.fjs,200,FixedUCBPPO,1.0885921745290474,4.0
Brandimarte,Mk02.fjs,200,PPOOnly,1.1000115705946105,2.0
Brandimarte,Mk02.fjs,200,RandomUCBPPO,1.0886157835095072,3.0
Brandimarte,Mk02.fjs,200,UCBOnly,1.0880295511145053,5.0
Brandimarte,Mk02.fjs,200,UniformFixed,1.10147807219737,1.0
Brandimarte,Mk03.fjs,200,AdaptiveNoBC,0.9888450461727307,6.0
Brandimarte,Mk03.fjs,200,AdaptiveSAOS,0.984494464782314,7.0
Brandimarte,Mk03.fjs,200,FixedUCBPPO,1.0022953071104972,4.0
Brandimarte,Mk03.fjs,200,PPOOnly,1.007600618882171,3.0
Brandimarte,Mk03.fjs,200,RandomUCBPPO,1.0263271415339759,1.0
Brandimarte,Mk03.fjs,200,UCBOnly,1.0205815385597694,2.0
Brandimarte,Mk03.fjs,200,UniformFixed,0.9955907081370445,5.0
Brandimarte,Mk04.fjs,200,AdaptiveNoBC,0.9145200670838954,1.0
Brandimarte,Mk04.fjs,200,AdaptiveSAOS,0.8822333294150636,5.0
Brandimarte,Mk04.fjs,200,FixedUCBPPO,0.8799608055625264,6.0
Brandimarte,Mk04.fjs,200,PPOOnly,0.876454457226954,7.0
Brandimarte,Mk04.fjs,200,RandomUCBPPO,0.898204725432148,2.0
Brandimarte,Mk04.fjs,200,UCBOnly,0.8915311434849504,3.0
Brandimarte,Mk04.fjs,200,UniformFixed,0.8858521887630967,4.0
Brandimarte,Mk05.fjs,200,AdaptiveNoBC,1.1082835605845254,3.0
Brandimarte,Mk05.fjs,200,AdaptiveSAOS,1.0810604450590577,5.0
Brandimarte,Mk05.fjs,200,FixedUCBPPO,1.1169145165252148,1.0
Brandimarte,Mk05.fjs,200,PPOOnly,1.0719109487068001,6.0
Brandimarte,Mk05.fjs,200,RandomUCBPPO,1.1059663310288608,4.0
Brandimarte,Mk05.fjs,200,UCBOnly,1.1146113876324557,2.0
Brandimarte,Mk05.fjs,200,UniformFixed,1.0708938789365512,7.0
Brandimarte,Mk06.fjs,200,AdaptiveNoBC,0.8655772453314203,4.0
Brandimarte,Mk06.fjs,200,AdaptiveSAOS,0.8653125593893973,5.0
Brandimarte,Mk06.fjs,200,FixedUCBPPO,0.8634952239768645,6.0
Brandimarte,Mk06.fjs,200,PPOOnly,0.8819210764821032,1.0
Brandimarte,Mk06.fjs,200,RandomUCBPPO,0.8676311352979911,3.0
Brandimarte,Mk06.fjs,200,UCBOnly,0.8612421812026483,7.0
Brandimarte,Mk06.fjs,200,UniformFixed,0.8789081929107715,2.0
Brandimarte,Mk07.fjs,200,AdaptiveNoBC,1.132696973360333,5.0
Brandimarte,Mk07.fjs,200,AdaptiveSAOS,1.142856721976099,2.0
Brandimarte,Mk07.fjs,200,FixedUCBPPO,1.1289391380207427,6.0
Brandimarte,Mk07.fjs,200,PPOOnly,1.1116394473567022,7.0
Brandimarte,Mk07.fjs,200,RandomUCBPPO,1.134665825079086,3.0
Brandimarte,Mk07.fjs,200,UCBOnly,1.1451936702914343,1.0
Brandimarte,Mk07.fjs,200,UniformFixed,1.1343639700004677,4.0
Brandimarte,Mk08.fjs,200,AdaptiveNoBC,1.0333063881727624,5.0
Brandimarte,Mk08.fjs,200,AdaptiveSAOS,1.0251148510083072,6.0
Brandimarte,Mk08.fjs,200,FixedUCBPPO,1.0391549179612536,4.0
Brandimarte,Mk08.fjs,200,PPOOnly,0.9887056737999976,7.0
Brandimarte,Mk08.fjs,200,RandomUCBPPO,1.0635116736163326,2.0
Brandimarte,Mk08.fjs,200,UCBOnly,1.0639702955421644,1.0
Brandimarte,Mk08.fjs,200,UniformFixed,1.0486489792838074,3.0
Brandimarte,Mk09.fjs,200,AdaptiveNoBC,0.9269112953655643,6.0
Brandimarte,Mk09.fjs,200,AdaptiveSAOS,0.9153143117691813,7.0
Brandimarte,Mk09.fjs,200,FixedUCBPPO,0.9482132337983573,2.0
Brandimarte,Mk09.fjs,200,PPOOnly,0.9720281866646827,1.0
Brandimarte,Mk09.fjs,200,RandomUCBPPO,0.9416328306168281,3.0
Brandimarte,Mk09.fjs,200,UCBOnly,0.9406496339869076,4.0
Brandimarte,Mk09.fjs,200,UniformFixed,0.933623747761526,5.0
Brandimarte,Mk10.fjs,200,AdaptiveNoBC,0.8673805317343404,5.0
Brandimarte,Mk10.fjs,200,AdaptiveSAOS,0.8889531586086975,3.0
Brandimarte,Mk10.fjs,200,FixedUCBPPO,0.8513900556234402,6.0
Brandimarte,Mk10.fjs,200,PPOOnly,0.8433321086642054,7.0
Brandimarte,Mk10.fjs,200,RandomUCBPPO,0.9533321259950207,1.0
Brandimarte,Mk10.fjs,200,UCBOnly,0.8844642449319804,4.0
Brandimarte,Mk10.fjs,200,UniformFixed,0.9098071031875756,2.0
Hurink_edata,la01.fjs,200,AdaptiveNoBC,1.1043993812853636,3.0
Hurink_edata,la01.fjs,200,AdaptiveSAOS,1.0278710203778625,7.0
Hurink_edata,la01.fjs,200,FixedUCBPPO,1.086835273089486,5.0
Hurink_edata,la01.fjs,200,PPOOnly,1.139795459762599,1.0
Hurink_edata,la01.fjs,200,RandomUCBPPO,1.0793396269284028,6.0
Hurink_edata,la01.fjs,200,UCBOnly,1.1225194569767925,2.0
Hurink_edata,la01.fjs,200,UniformFixed,1.0885717198301792,4.0
Hurink_edata,la02.fjs,200,AdaptiveNoBC,1.1063753678470127,3.0
Hurink_edata,la02.fjs,200,AdaptiveSAOS,1.078641761040856,6.0
Hurink_edata,la02.fjs,200,FixedUCBPPO,1.114099217457107,1.0
Hurink_edata,la02.fjs,200,PPOOnly,1.0755497635521687,7.0
Hurink_edata,la02.fjs,200,RandomUCBPPO,1.1082364590960452,2.0
Hurink_edata,la02.fjs,200,UCBOnly,1.0890810821353334,5.0
Hurink_edata,la02.fjs,200,UniformFixed,1.0959490757705135,4.0
Hurink_edata,la03.fjs,200,AdaptiveNoBC,1.1881464847795549,2.0
Hurink_edata,la03.fjs,200,AdaptiveSAOS,1.200637090293494,1.0
Hurink_edata,la03.fjs,200,FixedUCBPPO,1.1868238077554374,3.0
Hurink_edata,la03.fjs,200,PPOOnly,1.1602673399189805,7.0
Hurink_edata,la03.fjs,200,RandomUCBPPO,1.1687892230035,5.0
Hurink_edata,la03.fjs,200,UCBOnly,1.1858020444977162,4.0
Hurink_edata,la03.fjs,200,UniformFixed,1.161406015457947,6.0
Hurink_edata,la04.fjs,200,AdaptiveNoBC,1.0865426987541862,3.0
Hurink_edata,la04.fjs,200,AdaptiveSAOS,1.1005747169048883,1.0
Hurink_edata,la04.fjs,200,FixedUCBPPO,1.0709464947517766,5.0
Hurink_edata,la04.fjs,200,PPOOnly,1.0475488411781804,7.0
Hurink_edata,la04.fjs,200,RandomUCBPPO,1.0566774449696426,6.0
Hurink_edata,la04.fjs,200,UCBOnly,1.082571036796347,4.0
Hurink_edata,la04.fjs,200,UniformFixed,1.0986291706567315,2.0
Hurink_edata,la05.fjs,200,AdaptiveNoBC,1.1387555893294405,3.0
Hurink_edata,la05.fjs,200,AdaptiveSAOS,1.1148766391952833,6.0
Hurink_edata,la05.fjs,200,FixedUCBPPO,1.1232051792460545,5.0
Hurink_edata,la05.fjs,200,PPOOnly,1.1053034093955507,7.0
Hurink_edata,la05.fjs,200,RandomUCBPPO,1.1548396044719489,1.0
Hurink_edata,la05.fjs,200,UCBOnly,1.1382219923175567,4.0
Hurink_edata,la05.fjs,200,UniformFixed,1.149157359845622,2.0
Hurink_edata,la06.fjs,200,AdaptiveNoBC,1.2144286114417728,4.0
Hurink_edata,la06.fjs,200,AdaptiveSAOS,1.2260200723700385,1.0
Hurink_edata,la06.fjs,200,FixedUCBPPO,1.2045836005033645,5.0
Hurink_edata,la06.fjs,200,PPOOnly,1.1704752829840692,7.0
Hurink_edata,la06.fjs,200,RandomUCBPPO,1.2206042210518877,3.0
Hurink_edata,la06.fjs,200,UCBOnly,1.2224932593293283,2.0
Hurink_edata,la06.fjs,200,UniformFixed,1.1992053743543476,6.0
Hurink_edata,la07.fjs,200,AdaptiveNoBC,1.215734373570788,1.0
Hurink_edata,la07.fjs,200,AdaptiveSAOS,1.1992857763254552,3.0
Hurink_edata,la07.fjs,200,FixedUCBPPO,1.175605997589987,7.0
Hurink_edata,la07.fjs,200,PPOOnly,1.193554309028459,5.0
Hurink_edata,la07.fjs,200,RandomUCBPPO,1.198171523220624,4.0
Hurink_edata,la07.fjs,200,UCBOnly,1.187712589118215,6.0
Hurink_edata,la07.fjs,200,UniformFixed,1.2014957274138205,2.0
Hurink_edata,la08.fjs,200,AdaptiveNoBC,1.2322618661015503,4.0
Hurink_edata,la08.fjs,200,AdaptiveSAOS,1.2239388563425107,5.0
Hurink_edata,la08.fjs,200,FixedUCBPPO,1.2335265195762293,3.0
Hurink_edata,la08.fjs,200,PPOOnly,1.2023411936024724,6.0
Hurink_edata,la08.fjs,200,RandomUCBPPO,1.2351452381439523,2.0
Hurink_edata,la08.fjs,200,UCBOnly,1.2387168628341167,1.0
Hurink_edata,la08.fjs,200,UniformFixed,1.2010243139399486,7.0
Hurink_edata,la09.fjs,200,AdaptiveNoBC,1.1421852874569525,2.0
Hurink_edata,la09.fjs,200,AdaptiveSAOS,1.1286103784659787,4.0
Hurink_edata,la09.fjs,200,FixedUCBPPO,1.124200260560148,5.0
Hurink_edata,la09.fjs,200,PPOOnly,1.1559806213230073,1.0
Hurink_edata,la09.fjs,200,RandomUCBPPO,1.1231210862257637,6.0
Hurink_edata,la09.fjs,200,UCBOnly,1.1356873872467763,3.0
Hurink_edata,la09.fjs,200,UniformFixed,1.1147678859937116,7.0
Hurink_edata,la10.fjs,200,AdaptiveNoBC,1.0333799321352979,7.0
Hurink_edata,la10.fjs,200,AdaptiveSAOS,1.068603416878715,4.0
Hurink_edata,la10.fjs,200,FixedUCBPPO,1.0466742547997387,6.0
Hurink_edata,la10.fjs,200,PPOOnly,1.0795512539382939,2.0
Hurink_edata,la10.fjs,200,RandomUCBPPO,1.0674164177206866,5.0
Hurink_edata,la10.fjs,200,UCBOnly,1.0754331792736316,3.0
Hurink_edata,la10.fjs,200,UniformFixed,1.0892633831376677,1.0
Hurink_edata,la11.fjs,200,AdaptiveNoBC,1.1347772192972174,3.0
Hurink_edata,la11.fjs,200,AdaptiveSAOS,1.1234336742786661,5.0
Hurink_edata,la11.fjs,200,FixedUCBPPO,1.1228597073357482,6.0
Hurink_edata,la11.fjs,200,PPOOnly,1.158273211753716,1.0
Hurink_edata,la11.fjs,200,RandomUCBPPO,1.1162366967902762,7.0
Hurink_edata,la11.fjs,200,UCBOnly,1.1248396798501787,4.0
Hurink_edata,la11.fjs,200,UniformFixed,1.1503246239518372,2.0
Hurink_edata,la12.fjs,200,AdaptiveNoBC,1.1969060731522752,5.0
Hurink_edata,la12.fjs,200,AdaptiveSAOS,1.1969369262367149,4.0
Hurink_edata,la12.fjs,200,FixedUCBPPO,1.1994830489002344,1.0
Hurink_edata,la12.fjs,200,PPOOnly,1.1651002469571998,7.0
Hurink_edata,la12.fjs,200,RandomUCBPPO,1.1977675773963725,3.0
Hurink_edata,la12.fjs,200,UCBOnly,1.1983446980991581,2.0
Hurink_edata,la12.fjs,200,UniformFixed,1.1890394338765988,6.0
Hurink_edata,la13.fjs,200,AdaptiveNoBC,1.1518873441372206,6.0
Hurink_edata,la13.fjs,200,AdaptiveSAOS,1.1540195464574785,5.0
Hurink_edata,la13.fjs,200,FixedUCBPPO,1.1745180438106992,1.0
Hurink_edata,la13.fjs,200,PPOOnly,1.1470357729272127,7.0
Hurink_edata,la13.fjs,200,RandomUCBPPO,1.159373765576753,4.0
Hurink_edata,la13.fjs,200,UCBOnly,1.1689011648429057,3.0
Hurink_edata,la13.fjs,200,UniformFixed,1.169976977861277,2.0
Hurink_edata,la14.fjs,200,AdaptiveNoBC,1.1489743107459243,3.0
Hurink_edata,la14.fjs,200,AdaptiveSAOS,1.144659148437868,5.0
Hurink_edata,la14.fjs,200,FixedUCBPPO,1.1426668443858299,6.0
Hurink_edata,la14.fjs,200,PPOOnly,1.1320152918557658,7.0
Hurink_edata,la14.fjs,200,RandomUCBPPO,1.1577009796382223,2.0
Hurink_edata,la14.fjs,200,UCBOnly,1.1464769352341295,4.0
Hurink_edata,la14.fjs,200,UniformFixed,1.1888738767603977,1.0
Hurink_edata,la15.fjs,200,AdaptiveNoBC,1.115493487141945,3.0
Hurink_edata,la15.fjs,200,AdaptiveSAOS,1.0797244777513046,7.0
Hurink_edata,la15.fjs,200,FixedUCBPPO,1.0881213037722082,4.0
Hurink_edata,la15.fjs,200,PPOOnly,1.1483848476113185,1.0
Hurink_edata,la15.fjs,200,RandomUCBPPO,1.088034668205795,5.0
Hurink_edata,la15.fjs,200,UCBOnly,1.085665729273176,6.0
Hurink_edata,la15.fjs,200,UniformFixed,1.1389656739440936,2.0
Hurink_edata,la16.fjs,200,AdaptiveNoBC,1.1514189354624753,5.0
Hurink_edata,la16.fjs,200,AdaptiveSAOS,1.1865328150046668,2.0
Hurink_edata,la16.fjs,200,FixedUCBPPO,1.2130527733110914,1.0
Hurink_edata,la16.fjs,200,PPOOnly,1.1372648073867149,6.0
Hurink_edata,la16.fjs,200,RandomUCBPPO,1.1677215997795363,3.0
Hurink_edata,la16.fjs,200,UCBOnly,1.1556273889963289,4.0
Hurink_edata,la16.fjs,200,UniformFixed,1.1303385352496629,7.0
Hurink_edata,la17.fjs,200,AdaptiveNoBC,1.2067870032103314,1.0
Hurink_edata,la17.fjs,200,AdaptiveSAOS,1.1160043630799248,7.0
Hurink_edata,la17.fjs,200,FixedUCBPPO,1.144393428859408,5.0
Hurink_edata,la17.fjs,200,PPOOnly,1.1161746703373125,6.0
Hurink_edata,la17.fjs,200,RandomUCBPPO,1.1559151638597212,3.0
Hurink_edata,la17.fjs,200,UCBOnly,1.1468685840030424,4.0
Hurink_edata,la17.fjs,200,UniformFixed,1.1755638430546256,2.0
Hurink_edata,la18.fjs,200,AdaptiveNoBC,1.1498505146161961,1.0
Hurink_edata,la18.fjs,200,AdaptiveSAOS,1.1149087041599457,6.0
Hurink_edata,la18.fjs,200,FixedUCBPPO,1.1061901927192448,7.0
Hurink_edata,la18.fjs,200,PPOOnly,1.1272298774498934,5.0
Hurink_edata,la18.fjs,200,RandomUCBPPO,1.1302904860485907,4.0
Hurink_edata,la18.fjs,200,UCBOnly,1.1384624254337488,3.0
Hurink_edata,la18.fjs,200,UniformFixed,1.149662364425145,2.0
Hurink_edata,la19.fjs,200,AdaptiveNoBC,1.1065021665883066,3.0
Hurink_edata,la19.fjs,200,AdaptiveSAOS,1.1100255030086417,2.0
Hurink_edata,la19.fjs,200,FixedUCBPPO,1.0922263299943675,5.0
Hurink_edata,la19.fjs,200,PPOOnly,1.1187385534499197,1.0
Hurink_edata,la19.fjs,200,RandomUCBPPO,1.0669036123069366,7.0
Hurink_edata,la19.fjs,200,UCBOnly,1.1040469952012804,4.0
Hurink_edata,la19.fjs,200,UniformFixed,1.070745715853428,6.0
Hurink_edata,la20.fjs,200,AdaptiveNoBC,1.1414183000099223,3.0
Hurink_edata,la20.fjs,200,AdaptiveSAOS,1.148342187892446,2.0
Hurink_edata,la20.fjs,200,FixedUCBPPO,1.129707936646541,5.0
Hurink_edata,la20.fjs,200,PPOOnly,1.1332298526282387,4.0
Hurink_edata,la20.fjs,200,RandomUCBPPO,1.1292269956916317,6.0
Hurink_edata,la20.fjs,200,UCBOnly,1.1284734983743987,7.0
Hurink_edata,la20.fjs,200,UniformFixed,1.15236635717981,1.0
Hurink_edata,la21.fjs,200,AdaptiveNoBC,0.9559774243721167,3.0
Hurink_edata,la21.fjs,200,AdaptiveSAOS,0.8952099427642228,5.0
Hurink_edata,la21.fjs,200,FixedUCBPPO,0.953915663746868,4.0
Hurink_edata,la21.fjs,200,PPOOnly,0.8420396846062213,7.0
Hurink_edata,la21.fjs,200,RandomUCBPPO,0.961001394296842,2.0
Hurink_edata,la21.fjs,200,UCBOnly,0.9746519959308091,1.0
Hurink_edata,la21.fjs,200,UniformFixed,0.871276082790937,6.0
Hurink_edata,la22.fjs,200,AdaptiveNoBC,1.0501579538054702,3.0
Hurink_edata,la22.fjs,200,AdaptiveSAOS,1.049600106074859,6.0
Hurink_edata,la22.fjs,200,FixedUCBPPO,1.0501117405871265,4.0
Hurink_edata,la22.fjs,200,PPOOnly,1.0892144537645123,1.0
Hurink_edata,la22.fjs,200,RandomUCBPPO,1.0501838937667252,2.0
Hurink_edata,la22.fjs,200,UCBOnly,1.049913036015957,5.0
Hurink_edata,la22.fjs,200,UniformFixed,0.9360311845482454,7.0
Hurink_edata,la23.fjs,200,AdaptiveNoBC,1.211108202572577,2.0
Hurink_edata,la23.fjs,200,AdaptiveSAOS,1.1770504730018205,6.0
Hurink_edata,la23.fjs,200,FixedUCBPPO,1.220470060642742,1.0
Hurink_edata,la23.fjs,200,PPOOnly,1.1021120229573285,7.0
Hurink_edata,la23.fjs,200,RandomUCBPPO,1.1774678789851425,5.0
Hurink_edata,la23.fjs,200,UCBOnly,1.2026026969923398,3.0
Hurink_edata,la23.fjs,200,UniformFixed,1.1860733353125261,4.0
Hurink_edata,la24.fjs,200,AdaptiveNoBC,1.1653274653847818,2.0
Hurink_edata,la24.fjs,200,AdaptiveSAOS,1.150501009546835,5.0
Hurink_edata,la24.fjs,200,FixedUCBPPO,1.1681536751336397,1.0
Hurink_edata,la24.fjs,200,PPOOnly,1.1238192158087754,6.0
Hurink_edata,la24.fjs,200,RandomUCBPPO,1.1636194338885621,4.0
Hurink_edata,la24.fjs,200,UCBOnly,1.1636832665037822,3.0
Hurink_edata,la24.fjs,200,UniformFixed,1.1110287685241067,7.0
Hurink_edata,la25.fjs,200,AdaptiveNoBC,0.9144032628834796,1.0
Hurink_edata,la25.fjs,200,AdaptiveSAOS,0.8938816957650321,3.0
Hurink_edata,la25.fjs,200,FixedUCBPPO,0.911768487913879,2.0
Hurink_edata,la25.fjs,200,PPOOnly,0.7960022577723112,7.0
Hurink_edata,la25.fjs,200,RandomUCBPPO,0.889416145521498,5.0
Hurink_edata,la25.fjs,200,UCBOnly,0.8913035128321778,4.0
Hurink_edata,la25.fjs,200,UniformFixed,0.8511007946351763,6.0
Hurink_edata,la26.fjs,200,AdaptiveNoBC,1.2032740642473008,4.0
Hurink_edata,la26.fjs,200,AdaptiveSAOS,1.2065972888653496,2.0
Hurink_edata,la26.fjs,200,FixedUCBPPO,1.1901499291324036,5.0
Hurink_edata,la26.fjs,200,PPOOnly,1.1327354591110486,7.0
Hurink_edata,la26.fjs,200,RandomUCBPPO,1.2042377032188836,3.0
Hurink_edata,la26.fjs,200,UCBOnly,1.2134562797366115,1.0
Hurink_edata,la26.fjs,200,UniformFixed,1.182183162861346,6.0
Hurink_edata,la27.fjs,200,AdaptiveNoBC,0.864902178227233,2.0
Hurink_edata,la27.fjs,200,AdaptiveSAOS,0.8145630527761005,6.0
Hurink_edata,la27.fjs,200,FixedUCBPPO,0.8517262841486826,3.0
Hurink_edata,la27.fjs,200,PPOOnly,0.7882538504623728,7.0
Hurink_edata,la27.fjs,200,RandomUCBPPO,0.8517036533133445,4.0
Hurink_edata,la27.fjs,200,UCBOnly,0.8791690845794413,1.0
Hurink_edata,la27.fjs,200,UniformFixed,0.8400744088877912,5.0
Hurink_edata,la28.fjs,200,AdaptiveNoBC,1.0262879888870098,2.0
Hurink_edata,la28.fjs,200,AdaptiveSAOS,0.9872885877856503,6.0
Hurink_edata,la28.fjs,200,FixedUCBPPO,0.9834044542193898,7.0
Hurink_edata,la28.fjs,200,PPOOnly,0.997569319711352,5.0
Hurink_edata,la28.fjs,200,RandomUCBPPO,1.0095823351843758,4.0
Hurink_edata,la28.fjs,200,UCBOnly,1.0141671654896316,3.0
Hurink_edata,la28.fjs,200,UniformFixed,1.03829545817951,1.0
Hurink_edata,la29.fjs,200,AdaptiveNoBC,0.9851776476625667,2.0
Hurink_edata,la29.fjs,200,AdaptiveSAOS,0.9314553275667323,4.0
Hurink_edata,la29.fjs,200,FixedUCBPPO,0.9500619415964563,3.0
Hurink_edata,la29.fjs,200,PPOOnly,0.8636101081244913,7.0
Hurink_edata,la29.fjs,200,RandomUCBPPO,0.8931187938771106,6.0
Hurink_edata,la29.fjs,200,UCBOnly,0.9965495973379113,1.0
Hurink_edata,la29.fjs,200,UniformFixed,0.8942546487244405,5.0
Hurink_edata,la30.fjs,200,AdaptiveNoBC,0.8855745508909502,7.0
Hurink_edata,la30.fjs,200,AdaptiveSAOS,0.9361906367939843,4.0
Hurink_edata,la30.fjs,200,FixedUCBPPO,0.9253183593282314,6.0
Hurink_edata,la30.fjs,200,PPOOnly,0.9531188304615527,2.0
Hurink_edata,la30.fjs,200,RandomUCBPPO,0.9466948391581613,3.0
Hurink_edata,la30.fjs,200,UCBOnly,0.9354050194892889,5.0
Hurink_edata,la30.fjs,200,UniformFixed,0.9599107351165084,1.0
Hurink_edata,la31.fjs,200,AdaptiveNoBC,1.0231343908218407,5.0
Hurink_edata,la31.fjs,200,AdaptiveSAOS,1.047698159141328,4.0
Hurink_edata,la31.fjs,200,FixedUCBPPO,1.0633367846513968,3.0
Hurink_edata,la31.fjs,200,PPOOnly,0.8794255547879993,7.0
Hurink_edata,la31.fjs,200,RandomUCBPPO,1.0735767713387592,1.0
Hurink_edata,la31.fjs,200,UCBOnly,1.0634209840724016,2.0
Hurink_edata,la31.fjs,200,UniformFixed,0.9536078990643782,6.0
Hurink_edata,la32.fjs,200,AdaptiveNoBC,0.9954108621106634,6.0
Hurink_edata,la32.fjs,200,AdaptiveSAOS,1.008088855939103,5.0
Hurink_edata,la32.fjs,200,FixedUCBPPO,1.0676150421511639,3.0
Hurink_edata,la32.fjs,200,PPOOnly,0.9511699328810057,7.0
Hurink_edata,la32.fjs,200,RandomUCBPPO,1.075685372969879,1.0
Hurink_edata,la32.fjs,200,UCBOnly,1.0723166979103342,2.0
Hurink_edata,la32.fjs,200,UniformFixed,1.0085580001709884,4.0
Hurink_edata,la33.fjs,200,AdaptiveNoBC,1.0046245959881455,7.0
Hurink_edata,la33.fjs,200,AdaptiveSAOS,1.0712392109813718,4.0
Hurink_edata,la33.fjs,200,FixedUCBPPO,1.1076642190026493,1.0
Hurink_edata,la33.fjs,200,PPOOnly,1.0680816827493664,5.0
Hurink_edata,la33.fjs,200,RandomUCBPPO,1.0720995775687472,3.0
Hurink_edata,la33.fjs,200,UCBOnly,1.076250472942418,2.0
Hurink_edata,la33.fjs,200,UniformFixed,1.0572788042165355,6.0
Hurink_edata,la34.fjs,200,AdaptiveNoBC,1.0421793468246703,2.0
Hurink_edata,la34.fjs,200,AdaptiveSAOS,1.030546110161549,3.0
Hurink_edata,la34.fjs,200,FixedUCBPPO,1.0063771468173897,5.0
Hurink_edata,la34.fjs,200,PPOOnly,0.9679599729182667,6.0
Hurink_edata,la34.fjs,200,RandomUCBPPO,1.0226886036056835,4.0
Hurink_edata,la34.fjs,200,UCBOnly,1.0559308044184612,1.0
Hurink_edata,la34.fjs,200,UniformFixed,0.9240332947731598,7.0
Hurink_edata,la35.fjs,200,AdaptiveNoBC,0.9897552520468271,3.0
Hurink_edata,la35.fjs,200,AdaptiveSAOS,0.9739565570034836,4.0
Hurink_edata,la35.fjs,200,FixedUCBPPO,0.9696697011375167,5.0
Hurink_edata,la35.fjs,200,PPOOnly,0.925543607877112,7.0
Hurink_edata,la35.fjs,200,RandomUCBPPO,0.9910645872185573,2.0
Hurink_edata,la35.fjs,200,UCBOnly,0.9535092132033928,6.0
Hurink_edata,la35.fjs,200,UniformFixed,1.0257409025919006,1.0
Hurink_edata,la36.fjs,200,AdaptiveNoBC,1.1627418616907912,3.0
Hurink_edata,la36.fjs,200,AdaptiveSAOS,1.1630954522216408,2.0
Hurink_edata,la36.fjs,200,FixedUCBPPO,1.1516145154637047,6.0
Hurink_edata,la36.fjs,200,PPOOnly,1.1588657501109816,4.0
Hurink_edata,la36.fjs,200,RandomUCBPPO,1.1536511689904305,5.0
Hurink_edata,la36.fjs,200,UCBOnly,1.1718637013806177,1.0
Hurink_edata,la36.fjs,200,UniformFixed,1.1224849227058138,7.0
Hurink_edata,la37.fjs,200,AdaptiveNoBC,1.077966007765145,5.0
Hurink_edata,la37.fjs,200,AdaptiveSAOS,1.065341861669273,7.0
Hurink_edata,la37.fjs,200,FixedUCBPPO,1.0932762969542091,3.0
Hurink_edata,la37.fjs,200,PPOOnly,1.1141287382061333,2.0
Hurink_edata,la37.fjs,200,RandomUCBPPO,1.0658182360400688,6.0
Hurink_edata,la37.fjs,200,UCBOnly,1.0880009755981233,4.0
Hurink_edata,la37.fjs,200,UniformFixed,1.1462430758510511,1.0
Hurink_edata,la38.fjs,200,AdaptiveNoBC,1.0899374791583618,1.0
Hurink_edata,la38.fjs,200,AdaptiveSAOS,1.0404253652472506,7.0
Hurink_edata,la38.fjs,200,FixedUCBPPO,1.052797341790029,6.0
Hurink_edata,la38.fjs,200,PPOOnly,1.0769342440588936,3.0
Hurink_edata,la38.fjs,200,RandomUCBPPO,1.0750377550544612,4.0
Hurink_edata,la38.fjs,200,UCBOnly,1.0575007429546854,5.0
Hurink_edata,la38.fjs,200,UniformFixed,1.0780332446333216,2.0
Hurink_edata,la39.fjs,200,AdaptiveNoBC,1.1243934375621487,3.0
Hurink_edata,la39.fjs,200,AdaptiveSAOS,1.1228745800382303,4.0
Hurink_edata,la39.fjs,200,FixedUCBPPO,1.1063236853660396,5.0
Hurink_edata,la39.fjs,200,PPOOnly,1.0838390826068278,7.0
Hurink_edata,la39.fjs,200,RandomUCBPPO,1.1292593480963398,2.0
Hurink_edata,la39.fjs,200,UCBOnly,1.1472544825790076,1.0
Hurink_edata,la39.fjs,200,UniformFixed,1.0951798093563776,6.0
Hurink_edata,la40.fjs,200,AdaptiveNoBC,1.1385610251382734,4.0
Hurink_edata,la40.fjs,200,AdaptiveSAOS,1.101669139246611,7.0
Hurink_edata,la40.fjs,200,FixedUCBPPO,1.1490074508513586,3.0
Hurink_edata,la40.fjs,200,PPOOnly,1.1327558255737498,5.0
Hurink_edata,la40.fjs,200,RandomUCBPPO,1.1668727067685731,1.0
Hurink_edata,la40.fjs,200,UCBOnly,1.163001184150383,2.0
Hurink_edata,la40.fjs,200,UniformFixed,1.1121587200868803,6.0
